{
  "ensemble": 0.3065252632203795,
  "untuned_voting": 0.4466442114075803
}